INSERT INTO resorts (resort_id, name,  location, elevation, annual_snowfall, terrain_parks, website, image) VALUES
  (1, 'Arapahoe Basin', 'Summit County', 10780, 350, 2, 'https://www.arapahoebasin.com/', 'https://stgabasin.blob.core.windows.net/arapahoe/uploaded/scenics/hairpin_2dcamara.jpg'),
  (2, 'Aspen Highlands', 'Aspen', 8040, 300, 0, 'https://www.aspensnowmass.com/four-mountains/aspen-highlands', 'https://www.coloradoski.com/sites/default/files/2017-10/AspenHighlands_CSki.jpg'),
  (3, 'Aspen Mountain', 'Aspen', 7945, 300, 0, 'https://www.aspensnowmass.com/four-mountains/aspen-mountain', 'https://www.coloradoski.com/sites/default/files/2017-10/AspenMountain_CSki_0.jpg'),
  (4, 'Beaver Creek', 'Beaver Creek', 8100, 325, 3, 'https://www.beavercreek.com/', 'https://www.travelandleisure.com/thmb/jYj0sDAixLkGRRqYhs6TnOIackU=/1500x0/filters:no_upscale():max_bytes(150000):strip_icc()/beaver-creek-sunrise-ski-MTNMONBEVECREEK0122-f4ed7e7e58fe4647bc237a0e75696b92.jpg'),
  (5, 'Breckenridge', 'Breckenridge', 9600, 366, 4, 'https://www.breckenridge.com/', 'https://brecknetwork.com/wp-content/uploads/2018/03/VailResorts_BRK6964_Jack_Affleck_HighRes-1.jpg'),
  (6, 'Buttermilk Mountain', 'Pitkin County', 7870, 200, 0, 'https://www.aspensnowmass.com/four-mountains/buttermilk', 'https://www.coloradoski.com/sites/default/files/2022-02/Buttermilk2022.jpg'),
  (7, 'Cooper', 'Leadville', 10500, 260, 1, 'https://www.skicooper.com/', 'https://www.coloradoski.com/sites/default/files/2018-07/CSCUSA%20front%20image.jpg'),
  (8, 'Copper', 'Summit County', 9712, 305, 1, 'https://www.coppercolorado.com/', 'https://cms.coppercolorado.com/sites/copper/files/styles/medium/public/2021-10/webCM_Winter_Scenic%20Monolith_3-5-21_CD_01.jpg?itok=Yj6mXksT'),
  (9, 'Crested Butte', 'Crested Butte', 9375, 234, 2, 'https://www.skicb.com/', 'https://upload.wikimedia.org/wikipedia/commons/f/fd/Crested_Butte.jpg'),
  (10, 'Echo', 'Idaho Springs', 10050, 275, 1, 'https://echomntn.com/', 'https://www.coloradoski.com/sites/default/files/styles/blog_teaser_/public/2020-01/Night_Skiing.jpg?itok=JqbHixFj'),
  (11, 'Eldora', 'Boulder County', 9200, 300, 5, 'https://www.eldora.com/', 'https://www.coloradoski.com/sites/default/files/inline-images/11%3A1%3A19%20Eldora%20Opening%20DAy_0.jpeg'),
  (12, 'Granby Ranch', 'Granby', 8202, 120, 1, 'https://granbyranch.com/', 'https://www.coloradoski.com/sites/default/files/inline-images/26114000_1611215512286231_7394145475753222485_n.jpg'),
  (13, 'Hesperus', 'Durango', 8100, 150, 0, 'https://www.ski-hesperus.com/', 'https://www.ski-hesperus.com/wp-content/uploads/2018/12/2018-12-12-1.jpg'),
  (14, 'Howelsen', 'Steamboat Springs', 6696, 170, 2, 'https://www.steamboatsprings.net/131/Howelsen-Hill-Ski-Area', 'https://www.coloradoski.com/sites/default/files/2020-10/howelsen%20hill%20header%201170x550.jpg'),
  (15, 'Keystone', 'Summit County', 9280, 235, 1, 'https://www.keystoneresort.com/', 'https://imengine.public.prod.sci.navigacloud.com/?uuid=e356d0d7-6597-55a9-8847-c1099f01a037&type=preview&width=2048&height=1364&q=60'),
  (16, 'Loveland', 'Dillon', 10800, 422, 1, 'https://skiloveland.com/', 'https://cdn1.coolworks.com/production/clients/13808/pictures/20888/content/JesseFaatz_LovelandSkiArea_Nov122018_1%28web%29.jpg'),
  (17, 'Monarch', 'Salida', 10790, 350, 2, 'https://skimonarch.com/', 'https://www.coloradoski.com/sites/default/files/2017-10/Monarch_cs2015_1170x550.jpg'),
  (18, 'Powderhorn', 'Mesa', 8200, 250, 2, 'https://www.powderhorn.com/', 'https://www.uncovercolorado.com/wp-content/uploads/2021/10/powderhorn-resort-colorado-aerial-view-1600x800.jpeg'),
  (19, 'Purgatory', 'Durango', 8793, 260, 8, 'https://www.purgatory.ski/', 'https://www.snocountry.com/images/easyblog_articles/5025/Purg-Cover.jpg'),
  (20, 'Silverton', 'Silverton', 10400, 400, 0, 'https://silvertonmountain.com/', 'https://www.uncovercolorado.com/wp-content/uploads/2021/12/silverton-mountain-colorado-skiier.jpeg'),
  (21, 'Snowmass', 'Snowmass Village', 8104, 300, 3, 'https://www.aspensnowmass.com/four-mountains/snowmass', 'https://www.coloradoski.com/sites/default/files/2017-10/Snowmass_CSki.jpg'),
  (22, 'Steamboat', 'Steamboat Springs', 6900, 336, 3, 'https://www.steamboat.com/', 'https://assets.simpleviewinc.com/simpleview/image/upload/c_fill,h_300,q_75,w_720/v1/clients/steamboat/night_skiing_winter_glow_e3143419-c482-4086-a201-3edd3c42301f.jpg'),
  (23, 'Sunlight', 'Glenwood Springs', 7880, 250, 1, 'https://sunlightmtn.com/', 'https://sunlightmtn.com/images/2022/06/07/sunlight-aerial.jpg'),
  (24, 'Telluride', 'Telluride', 8750, 280, 4, 'https://tellurideskiresort.com/', 'https://a.travel-assets.com/findyours-php/viewfinder/images/res70/147000/147389-Telluride-Ski-Area.jpg'),
  (25, 'Vail', 'Vail', 8120, 354, 2, 'https://www.vail.com/', 'https://images.squarespace-cdn.com/content/v1/581517e115d5dbcebac21922/1551666755876-9V8USK7XRNQVACIXKVPW/Vail+Ski+Resort-1.jpg?format=2500w'),
  (26, 'Winter Park', 'Winter Park', 9000, 327, 7, 'https://www.winterparkresort.com/', 'https://www.coloradoski.com/sites/default/files/2018-09/CSC%20Cover.jpg'),
  (27, 'Wolf Creek', 'Pagosa Springs', 10300, 430, 0, 'https://wolfcreekski.com/wolf-creek-stats-facts/', 'https://www.powderhounds.com/site/DefaultSite/filesystem/images/USA/WolfCreek/Overview/02.jpg');
  
  INSERT INTO runs 
INSERT INTO runs(run_id, name, difficulty) VALUES
(1, 'columbine', 'blue'),/* arapahoe runs  */
(2, 'jump', 'EX'),
(3, 'stepplechase', 'double black'),/* aspen highlands  */
(4, 'hayden', 'blue'),
(5, '4', 'blue'),/* aspen mountain */
(6, 'outlaw', 'double black'),
(7, 'moonshine', 'black'),/* beaver creek */
(8, 'centenial', 'blue');


insert into resorts_to_runs(resort_id, run_id) VALUES
(1,1),
(1,2),
(2,3),
(2,4),
(3,5),
(3,6),
(4,7),
(4,8);

insert into users(username,password,email, first_name, last_name)VALUES
('dylanE415', 'Password#123', 'dylaneilber@gmail.com', 'Dylan', 'Eilber'),
('user4', 'Urmom#123', 'user4@gmail.com', 'Your', 'Mom');

insert into reviews(review_id, description, rating)VALUES
(1,'this resort was amazing',5),
(2,'this resort was amazing but the food was bad',4),
(3,'this resort was mid',3),
(4,'this resort was pretty bad',2),
(5,'this resort was the worst expirience of my life',1),
(6,'the runs were amazing 10/10!',5),
(7,'I really enjoyed my stay',4);

insert into users_to_reviews(review_id,user_id)VALUES
(1,1),
(2,1),
(3,1),
(4,1),
(5,1),
(6,2),
(7,2);

insert into resorts_to_reviews(resort_id, review_id)VALUES
(1,1),
(1,6),
(2,2),
(5,3),
(10,4),
(8,5),
(2,7);
